,ADA,BNB,BTC,DOGE,EOS,ETH,IOTA,LTC,NEO,VET,XLM,XMR,XRP
count,608.0,608.0,608.0,608.0,608.0,608.0,608.0,608.0,608.0,608.0,608.0,608.0,608.0
mean,71.8782894736842,91.41118421052632,418.67763157894734,1306.6134868421052,13.606907894736842,245.86348684210526,11.671052631578947,15.123355263157896,14.671052631578947,16.830592105263158,14.756578947368421,28.929276315789473,60.20888157894737
std,100.64473372900488,136.9680827426352,260.6950310272313,4040.6225710154313,7.574675028706788,196.23281431130115,10.073552444753162,16.34319673939915,11.012364664158268,19.60371610986166,14.155989859531104,17.662027459296603,133.08299965596325
min,0.0,0.0,0.0,0.0,0.0,0.0,0.0,0.0,0.0,0.0,0.0,0.0,0.0
25%,22.0,13.0,260.75,15.0,9.0,135.0,5.0,5.0,6.0,6.0,6.0,17.0,18.0
50%,32.0,25.0,326.5,22.0,13.0,178.0,9.0,9.0,12.5,10.0,10.0,24.0,28.0
75%,87.25,116.25,537.5,474.25,18.0,276.5,14.0,18.25,20.0,18.0,17.0,37.0,64.5
max,1166.0,811.0,2049.0,48493.0,63.0,1389.0,76.0,136.0,82.0,163.0,98.0,110.0,2759.0
